{
  "forge.config.ts": 1776002220.2876816,
  "vite.main.config.ts": 1775218754.8937886,
  "vite.preload.config.ts": 1775218758.328599,
  "vitest.config.ts": 1775288994.6271706,
  "vite.renderer.config.ts": 1775299511.2867703,
  "tests/unit/hotkeys.test.ts": 1775297695.8832319,
  "tests/unit/dictionarySuggestions.test.ts": 1776625576.757043,
  "tests/unit/formatting.test.ts": 1775772004.578185,
  "tests/unit/cleanup.test.ts": 1775753986.054452,
  "tests/unit/dictation.test.ts": 1776625627.7698464,
  "tests/unit/historyStore.test.ts": 1775288576.803883,
  "tests/unit/textInjector.test.ts": 1775293570.9398348,
  "scripts/dev.js": 1775224456.4257703,
  "scripts/create-icons.py": 1775814068.3640535,
  "src/renderer/App.tsx": 1776174074.8545852,
  "src/renderer/main.tsx": 1776660282.859328,
  "src/renderer/context/vaani-ui.tsx": 1776362840.3299248,
  "src/renderer/components/HotkeyCapture.tsx": 1776657249.0532975,
  "src/renderer/components/ui/slider.tsx": 1775492416.1487803,
  "src/renderer/components/ui/switch.tsx": 1775492403.8234959,
  "src/renderer/components/ui/badge.tsx": 1775492396.456436,
  "src/renderer/components/ui/separator.tsx": 1775492409.4073288,
  "src/renderer/components/ui/button.tsx": 1775492371.168031,
  "src/renderer/hooks/useHistory.ts": 1775745845.9599948,
  "src/renderer/hooks/useDictation.ts": 1775219122.5019333,
  "src/renderer/hooks/useAudioRecorder.ts": 1776625576.7543294,
  "src/renderer/hooks/useSettings.ts": 1775219143.3925004,
  "src/renderer/lib/utils.js": 1775299258.229491,
  "src/renderer/pages/monolithic/HistoryPage.tsx": 1776660424.1984222,
  "src/renderer/pages/monolithic/SettingsPage.tsx": 1776660374.584601,
  "src/renderer/pages/monolithic/DictionaryPage.tsx": 1776660228.3594801,
  "src/renderer/pages/monolithic/MonolithicLayout.tsx": 1776660207.2940633,
  "src/renderer/pages/monolithic/SnippetsPage.tsx": 1776660231.116391,
  "src/renderer/pages/monolithic/DashboardPage.tsx": 1776660246.8054051,
  "src/renderer/pages/monolithic/HomePage.tsx": 1776660255.600534,
  "src/renderer/pages/titanium/HistoryPage.tsx": 1776660395.9529417,
  "src/renderer/pages/titanium/SettingsPage.tsx": 1776660332.5987868,
  "src/renderer/pages/titanium/TitaniumLayout.tsx": 1776660197.048192,
  "src/renderer/pages/titanium/DictionaryPage.tsx": 1776363704.9533932,
  "src/renderer/pages/titanium/SnippetsPage.tsx": 1776363704.9570332,
  "src/renderer/pages/titanium/DashboardPage.tsx": 1776363699.535753,
  "src/renderer/pages/titanium/HomePage.tsx": 1776363699.5403647,
  "src/renderer/pages/aurora/HistoryPage.tsx": 1776660412.4257264,
  "src/renderer/pages/aurora/SettingsPage.tsx": 1776660354.71327,
  "src/renderer/pages/aurora/DictionaryPage.tsx": 1776363704.944557,
  "src/renderer/pages/aurora/AuroraLayout.tsx": 1776660203.42081,
  "src/renderer/pages/aurora/SnippetsPage.tsx": 1776363704.9492745,
  "src/renderer/pages/aurora/DashboardPage.tsx": 1776363699.52476,
  "src/renderer/pages/aurora/HomePage.tsx": 1776363699.5308456,
  "src/native/hotkeys/hotkey_monitor.mm": 1776520593.0980158,
  "src/native/accessibility/detector.mm": 1775288399.9258437,
  "src/native/accessibility/injector.mm": 1775312660.6811335,
  "src/shared/defaults.ts": 1776660270.4486394,
  "src/shared/types.ts": 1776660267.1857858,
  "src/shared/dictionarySuggestions.ts": 1776625576.7559154,
  "src/shared/ipc.ts": 1775745845.9590237,
  "src/main/hotkeys.ts": 1776403738.2854974,
  "src/main/formatting.ts": 1776660187.3621042,
  "src/main/ipc.ts": 1775745845.9597325,
  "src/main/index.ts": 1776625627.7685008,
  "src/main/tray.ts": 1776407026.403779,
  "src/main/nativeBridge.ts": 1776005666.794925,
  "src/main/dictation.ts": 1776657348.192004,
  "src/main/transcription.ts": 1776625576.7550437,
  "src/main/overlay.ts": 1776660163.433055,
  "src/main/context/appDetector.ts": 1775219459.1706898,
  "src/main/audio/macAudioSession.ts": 1775310963.377015,
  "src/main/audio/vad.ts": 1776520561.517659,
  "src/main/injection/clipboard.ts": 1776657112.2746973,
  "src/main/injection/accessibility.ts": 1776625627.7688997,
  "src/main/injection/target.ts": 1775292018.6757946,
  "src/main/injection/policy.ts": 1776625576.7551954,
  "src/main/injection/index.ts": 1776416297.3807,
  "src/main/text/cleanup.ts": 1775767643.9970245,
  "src/main/store/history.ts": 1775757657.0982697,
  "src/main/store/base.ts": 1775218817.0838234,
  "src/main/store/settings.ts": 1775551444.8580024,
  "src/preload/index.ts": 1776407426.0813868,
  "PRODUCT.md": 1776192117.746577,
  "CHANGELOG.md": 1775551813.8669798,
  "PRIVACY.md": 1775551796.1704087,
  "README.md": 1775551545.532436,
  "UI_DESIGN_SPEC.md": 1775573444.571658,
  "LAUNCH_CHECKLIST.md": 1775551640.816924,
  "bug-fix-plan-claude-vaani-13-issues.md": 1776625422.870773,
  "AGENTS.md": 1776675701.7878242,
  "UI_SPECIFICATION.md": 1775573338.2728553,
  "CLAUDE.md": 1776676104.5358222,
  "DESIGNS/EDITORIAL/DESIGN.md": 1775645612.7097673,
  "DESIGNS/BRUTALIST/DESIGN.md": 1775645602.851415,
  "graphify-out/GRAPH_REPORT.md": 1776687066.9998684,
  "assets/iconset/va_dark_mode.png": 1775812709.89619,
  "assets/iconset/va_light_mode.png": 1775812708.0680878,
  "src/renderer/assets/va_dark_mode.png": 1776362896.1821659,
  "src/renderer/assets/va_light_mode.png": 1776362896.1857133
}